"0","# Function to create randomized block design"
"0","randomized_block_design <- function(tips, coupons) {"
"0","  "
"0","  # Ensure reproducibility"
"0","  set.seed(123)"
"0","  "
"0","  # Initialize a data frame to store the randomized block design"
"0","  design <- data.frame(Coupon = rep(coupons, each = length(tips)),"
"0","                       Tip = rep(tips, times = length(coupons)),"
"0","                       RandomOrder = NA)"
"0","  "
"0","  for (i in 1:length(coupons)) {"
"0","    design$RandomOrder[design$Coupon == coupons[i]] <- sample(1:length(tips))"
"0","  }"
"0","  "
"0","  return(design)"
"0","}"
"0",""
"0","# Define the tips and coupons"
"0","tips <- 1:4           # 4 types of tips"
"0","coupons <- 1:4        # 4 coupons (blocks)"
"0",""
"0","# Generate the randomized block design"
"0","df <- randomized_block_design(tips, coupons)"
"0",""
"0","# Add the hardness values from the table "
"0","hardness_values <- c(9.3, 9.4, 9.2, 9.7, "
"0","                     9.4, 9.3, 9.4, 9.6, "
"0","                     9.6, 9.8, 9.5, 10.0, "
"0","                     10.0, 9.9, 9.7, 10.2)"
"0",""
"0","# Add the hardness values as a new column in df"
"0","df$Hardness <- hardness_values"
"0","df"
