"0","# Load necessary library"
"0","library(ggplot2)"
"0",""
"0","# Create a scatter plot"
"0","ggplot(df, aes(x = factor(Tip), y = Hardness, color = factor(Coupon))) +"
"0","  geom_point(size = 3) +   # Add points"
"0","  geom_line(aes(group = Coupon), linetype = ""dashed"") + # Connect points with dashed lines"
"0","  labs(title = ""Scatter Plot of Hardness by Tip and Coupon"","
"0","       x = ""Tip Type"","
"0","       y = ""Hardness Values"","
"0","       color = ""Coupon"") +"
"0","  theme_minimal() +"
"0","  theme(legend.position = ""top"")"
"0",""
