{"chunk_definitions":[{"row":62,"row_count":1,"visible":true,"expansion_state":0,"options":{"engine":"r","warning":false,"message":false,"label":"unnamed-chunk-37","dev":"png"},"document_id":"F9611686","chunk_id":"ct6o9t1vieeba","chunk_label":"unnamed-chunk-1"},{"row":83,"row_count":1,"visible":true,"expansion_state":0,"options":{"engine":"r","warning":false,"message":false,"label":"unnamed-chunk-38","dev":"png"},"document_id":"F9611686","chunk_id":"cedrnbmp2v5ik","chunk_label":"unnamed-chunk-2"},{"row":99,"row_count":1,"visible":true,"expansion_state":0,"options":{"engine":"r","warning":false,"message":false,"label":"unnamed-chunk-39","dev":"png"},"document_id":"F9611686","chunk_id":"cjmqxpgs7acv2","chunk_label":"unnamed-chunk-3"},{"row":110,"row_count":1,"visible":true,"expansion_state":0,"options":{"engine":"r","warning":false,"message":false,"label":"unnamed-chunk-40","dev":"png"},"document_id":"F9611686","chunk_id":"c9ymwp1mqs40b","chunk_label":"unnamed-chunk-4"},{"row":119,"row_count":1,"visible":true,"expansion_state":0,"options":{"engine":"r","warning":false,"message":false,"label":"unnamed-chunk-42","dev":"png"},"document_id":"F9611686","chunk_id":"c5viv84kta68a","chunk_label":"unnamed-chunk-5"},{"row":129,"row_count":1,"visible":true,"expansion_state":0,"options":{"engine":"r","warning":false,"message":false,"label":"unnamed-chunk-43","dev":"png"},"document_id":"F9611686","chunk_id":"cx5tn2ptvwn6v","chunk_label":"unnamed-chunk-6"},{"row":143,"row_count":1,"visible":true,"expansion_state":0,"options":{"engine":"r","warning":false,"message":false,"label":"unnamed-chunk-44","dev":"png"},"document_id":"F9611686","chunk_id":"coueee1p18u1r","chunk_label":"unnamed-chunk-7"},{"row":153,"row_count":1,"visible":true,"expansion_state":0,"options":{"engine":"r","warning":false,"message":false,"label":"unnamed-chunk-45","dev":"png"},"document_id":"F9611686","chunk_id":"cqntvtsit2u6e","chunk_label":"unnamed-chunk-8"},{"row":162,"row_count":1,"visible":true,"expansion_state":0,"options":{"engine":"r","warning":false,"message":false,"label":"unnamed-chunk-46","dev":"png"},"document_id":"F9611686","chunk_id":"cby2z47dljt5n","chunk_label":"unnamed-chunk-9"},{"row":172,"row_count":1,"visible":true,"expansion_state":0,"options":{"engine":"r","warning":false,"message":false,"label":"unnamed-chunk-47","dev":"png"},"document_id":"F9611686","chunk_id":"clw5ao9ulaq29","chunk_label":"unnamed-chunk-10"},{"row":176,"row_count":1,"visible":true,"expansion_state":0,"options":{"engine":"r","warning":false,"message":false,"label":"unnamed-chunk-48","dev":"png"},"document_id":"F9611686","chunk_id":"cwh3a5zcs9aj0","chunk_label":"unnamed-chunk-11"},{"row":191,"row_count":1,"visible":true,"expansion_state":0,"options":{"engine":"r","warning":false,"message":false,"label":"unnamed-chunk-50","dev":"png"},"document_id":"F9611686","chunk_id":"cg7n9t415o8xl","chunk_label":"unnamed-chunk-12"},{"row":208,"row_count":1,"visible":true,"expansion_state":0,"options":{"engine":"r","warning":false,"message":false,"label":"unnamed-chunk-59","dev":"png"},"document_id":"F9611686","chunk_id":"cs5mq6hok5bpi","chunk_label":"unnamed-chunk-13"},{"row":243,"row_count":1,"visible":true,"expansion_state":0,"options":{"engine":"r","warning":false,"message":false,"label":"unnamed-chunk-58","dev":"png"},"document_id":"F9611686","chunk_id":"cvv8cuy09gsf0","chunk_label":"unnamed-chunk-15"},{"row":268,"row_count":1,"visible":true,"expansion_state":0,"options":{"engine":"r","warning":false,"message":false,"label":"unnamed-chunk-57","dev":"png"},"document_id":"F9611686","chunk_id":"cx2jc6gh2qfc3","chunk_label":"unnamed-chunk-17"}],"doc_write_time":1727828901,"chunk_rendered_width":631}